,作者,日期,標題
0,-, 4/17,"
			
				(本文已被刪除) [pneumo]
			
			"
1,Bainite, 4/17,"
[情報] Jalen Green 將簽約發展聯盟
"
2,-, 4/17,"
			
				(本文已被刪除) [lwy012018]
			
			"
3,garraypierce, 4/17,"
Re: [花邊] 雷槍：離開波士頓後 得到了太多仇恨以
"
4,Subaru5566, 4/17,"
Re: [討論] Phil Jackson&Steve Kerr被低估了對吧？
"
5,pneumo, 4/17,"
[花邊] Curry對網路瘋傳模仿他跟KT打球影片的反應
"
6,archzxc, 4/17,"
Re: [花邊] 雷槍：離開波士頓後 得到了太多仇恨以
"
7,Ayanami5566, 4/17,"
[討論] 為什麼伊古達拉的綽號是「Iggy」?
"
8,ganhua, 4/17,"
[討論] 騎士2.0哪一年的全力詹最扯?
"
9,ralfeistein, 4/17,"
[花邊] 太陽主帥：我可能要探索著讓booker更多時
"
10,fukawa947, 4/17,"
[情報] 被評為前5強新秀　以色列超猛前鋒宣布投
"
11,fukawa947, 4/17,"
[花邊] 仍很想念Kobe　俠客：不看今年名人堂典
"
12,whj0530, 4/17,"
[花邊] Iguodala:熱火會盡力滿足你的需要，幫助
"
13,fatotaku, 4/17,"
Re: [花邊] 太陽主帥：我可能要探索著讓booker更多時
"
14,hide0325, 4/17,"
[新聞] 後輩太歲頭上動土炫富 前隊友憶喬丹霸氣
"
15,teramars, 4/17,"
[新聞] 「美版陳時中」提出北美職業聯賽復賽方
"
16,thnlkj0665, 4/17,"
[情報] Mike Conley 拿下HORSE投籃比賽冠軍
"
17,DarrenD, 4/17,"
[討論] 06年世錦賽美國隊到底發生了什麼事？
"
18,akiyo791, 4/17,"
Re: [花邊] 太陽主帥：我可能要探索著讓booker更多時
"
19,gohit, 4/17,"
Re: [討論] 06年世錦賽美國隊到底發生了什麼事？
"
20,Vedan, 5/24,"
[公告] 板規v6.8
"
21,qazwsx879345,10/25,"
[公告] 版主上任相關事項 
"
22,Acetoxy, 3/02,"
[情報] SEASON Schedule 賽程 March 19–20
"
23,Vedan, 3/09,"
[公告] 第一次被退文，可在三天後刪除退文
"
24,Vedan, 4/03,"
[公告] 板務說明 (發錢)
"
